<?xml version="1.0" encoding="UTF-8"?>
<!DOCTYPE mapper PUBLIC "-//mybatis.org//DTD Mapper 3.0//EN" "http://mybatis.org/dtd/mybatis-3-mapper.dtd">
<mapper namespace="com.liuyanzhao.cloud.core.mapper.UserMapper">

    <resultMap id="BaseResultMap" type="com.blog.api.model.User">
        <id column="id" jdbcType="INTEGER" property="id" />
        <result column="password" jdbcType="VARCHAR" property="password" />
        <result column="username" jdbcType="VARCHAR" property="username" />
    </resultMap>

    <sql id="Base_Column_List">
        id, nickname, password, status, username
    </sql>


    <select id="findById" parameterType="java.lang.Integer" resultMap="BaseResultMap">
        select
        <include refid="Base_Column_List" />
        from user
        where id = #{id,jdbcType=INTEGER}
    </select>

    <delete id="deleteById" parameterType="java.lang.Integer">
        delete from user
        where id = #{id,jdbcType=INTEGER}
    </delete>

    <insert id="insert" useGeneratedKeys="true" keyProperty="id" parameterType="com.blog.api.model.User">
        insert into user
        <trim prefix="(" suffix=")" suffixOverrides=",">
            <if test="id != null">
                id,
            </if>
            <if test="nickname != null">
                nickname,
            </if>
            <if test="password != null">
                password,
            </if>
            <if test="status != null">
                status,
            </if>
            <if test="username != null">
                username,
            </if>
        </trim>
        <trim prefix="values (" suffix=")" suffixOverrides=",">
            <if test="id != null">
                #{id,jdbcType=INTEGER},
            </if>
            <if test="nickname != null">
                #{nickname,jdbcType=VARCHAR},
            </if>
            <if test="password != null">
                #{password,jdbcType=VARCHAR},
            </if>
            <if test="status != null">
                #{status,jdbcType=VARCHAR},
            </if>
            <if test="username != null">
                #{username,jdbcType=VARCHAR},
            </if>
        </trim>
    </insert>

    <update id="update" parameterType="com.blog.api.model.User">
        update user
        <set>
            <if test="nickname != null">
                nickname = #{nickname,jdbcType=VARCHAR},
            </if>
            <if test="password != null">
                password = #{password,jdbcType=VARCHAR},
            </if>
            <if test="status != null">
                status = #{status,jdbcType=VARCHAR},
            </if>
            <if test="username != null">
                username = #{username,jdbcType=VARCHAR},
            </if>
        </set>
        where id = #{id,jdbcType=INTEGER}
    </update>

    <!--查询所有的用户-->
    <select id="findAll"  resultMap="BaseResultMap">
        select
        <include refid="Base_Column_List" />
        from user
    </select>

</mapper>